{"cameraMode":{"drawMode":0,"name":"Shaded","section":"Shading Mode"},"sceneLighting":true,"audioPlay":false,"sceneViewState":{"showFog":true,"showMaterialUpdate":false,"showSkybox":true,"showFlares":true,"showImageEffects":true,"showParticleSystems":true},"in2DMode":false,"pivot":{"x":-6.818667411804199,"y":-3.8087949752807619,"z":0.0},"rotation":{"x":0.04642974212765694,"y":0.047929637134075168,"z":-0.0022303268779069187,"w":0.9977693557739258},"size":4.478972911834717,"orthographic":true}