{"cameraMode":{"drawMode":0,"name":"Shaded","section":"Shading Mode"},"sceneLighting":true,"audioPlay":false,"sceneViewState":{"showFog":true,"showMaterialUpdate":false,"showSkybox":true,"showFlares":true,"showImageEffects":true,"showParticleSystems":true},"in2DMode":false,"pivot":{"x":-290.873779296875,"y":407.63385009765627,"z":-1866.714111328125},"rotation":{"x":0.052436016499996188,"y":0.03893643617630005,"z":-0.0020460267551243307,"w":0.9978638887405396},"size":2479.673828125,"orthographic":true}